Key,Item Type,Publication Year,Author,Title,Publication Title,ISBN,ISSN,DOI,Url,Abstract Note,Date,Date Added,Date Modified,Access Date,Pages,Num Pages,Issue,Volume,Number Of Volumes,Journal Abbreviation,Short Title,Series,Series Number,Series Text,Series Title,Publisher,Place,Language,Rights,Type,Archive,Archive Location,Library Catalog,Call Number,Extra,Notes,File Attachments,Link Attachments,Manual Tags,Automatic Tags,Editor,Series Editor,Translator,Contributor,Attorney Agent,Book Author,Cast Member,Commenter,Composer,Cosponsor,Counsel,Interviewer,Producer,Recipient,Reviewed Author,Scriptwriter,Words By,Guest,Number,Edition,Running Time,Scale,Medium,Artwork Size,Filing Date,Application Number,Assignee,Issuing Authority,Country,Meeting Name,Conference Name,Court,References,Reporter,Legal Status,Priority Numbers,Programming Language,Version,System,Code,Code Number,Section,Session,Committee,History,Legislative Body
FLVBLRVS,journalArticle,2009,"Olatunji, BO; Broman-Fulks, JJ",Latent structure of aversion: Taxometric exploration,JOURNAL OF ANXIETY DISORDERS,NA,0887-6185,10.1016/j.janxdis.2008.04.002,NA,NA,2009-01,2025-04-20T13:39:13Z,2025-04-20T16:29:50Z,NA,87-92,NA,1,23,NA,NA,NA,NA,NA,NA,NA,NA,NA,NA,NA,NA,NA,WOS:000262760400011,NA,NA,NA,NA,NA,NA,30; 40; Adulthood (18 yrs &amp; Anxiety; Aversion; Disgust; Fear; Middle Age (40-64 yrs); older); Taxonomies; Thirties (30-39 yrs); Young Adulthood (18-29 yrs),NA,NA,NA,NA,NA,NA,NA,NA,NA,NA,NA,NA,NA,NA,NA,NA,NA,NA,NA,NA,NA,NA,NA,NA,NA,NA,NA,NA,NA,NA,NA,NA,NA,NA,NA,NA,NA,NA,NA,NA,NA,NA,NA,NA,NA,NA,NA
AB3RUKCH,journalArticle,2012,"O'Brien, BA; Wolf, M; Lovett, MW",A Taxometric Investigation of Developmental Dyslexia Subtypes,DYSLEXIA,NA,1076-9242,10.1002/dys.1431,NA,NA,2012-02,2025-04-20T13:39:13Z,2025-04-20T16:29:53Z,NA,16-39,NA,1,18,NA,NA,NA,NA,NA,NA,NA,NA,NA,NA,NA,NA,NA,WOS:000299412700002,NA,NA,NA,NA,NA,http://www.ncbi.nlm.nih.gov/pubmed/22228709,Childhood (birth-12 yrs); Developmental Disabilities; Dyslexia; School Age (6-12 yrs); Severity (Disorders); Subtypes (Disorders); Taxonomies,"Child; Cohort Studies; Disability Evaluation; Factor Analysis, Statistical; Female; Humans; Language Tests; Male; Models, Neurological; Reading; Verbal Behavior",NA,NA,NA,NA,NA,NA,NA,NA,NA,NA,NA,NA,NA,NA,NA,NA,NA,NA,NA,NA,NA,NA,NA,NA,NA,NA,NA,NA,NA,NA,NA,NA,NA,NA,NA,NA,NA,NA,NA,NA,NA,NA,NA,NA,NA,NA
LH66EUFR,journalArticle,2025,"Cerny, BM; Leib, SI; Robinson, AD; Ulrich, DM; Phillips, MS; Lee, EJ; Soble, JR",Neurocognitive Phenotypes Among Adults With Attention-Deficit Hyperactivity Disorder: A Latent Profile Analysis,NEUROPSYCHOLOGY,NA,0894-4105,10.1037/neu0000991,NA,NA,2025-02,2025-04-20T13:39:13Z,2025-04-20T16:29:50Z,NA,187-199,NA,2,39,NA,NA,NA,NA,NA,NA,NA,NA,NA,NA,NA,NA,NA,WOS:001422073900005,NA,NA,NA,NA,NA,http://www.ncbi.nlm.nih.gov/pubmed/39946638,30; 40; Adulthood (18 yrs &amp; Attention Deficit Disorder with Hyperactivity; Diagnosis; Neurocognition; Neuropsychology; older); Phenotypes,Adolescent; Adult; Attention; Cognitive Dysfunction; Female; Humans; Latent Class Analysis; Male; Middle Aged; Neuropsychological Tests; Phenotype; Young Adult,NA,NA,NA,NA,NA,NA,NA,NA,NA,NA,NA,NA,NA,NA,NA,NA,NA,NA,NA,NA,NA,NA,NA,NA,NA,NA,NA,NA,NA,NA,NA,NA,NA,NA,NA,NA,NA,NA,NA,NA,NA,NA,NA,NA,NA,NA
MAHAHQTP,journalArticle,2012,"Marcus, DK; Norris, AL; Coccaro, EF",The latent structure of attention deficit/hyperactivity disorder in an adult sample,JOURNAL OF PSYCHIATRIC RESEARCH,NA,0022-3956,10.1016/j.jpsychires.2012.03.010,NA,NA,2012-06,2025-04-20T13:39:13Z,2025-04-20T16:29:49Z,NA,782-789,NA,6,46,NA,NA,NA,NA,NA,NA,NA,NA,NA,NA,NA,NA,NA,WOS:000305494100014,NA,NA,NA,NA,/Users/tita/Zotero/storage/G56MBYYJ/Marcus et al. - 2012 - The latent structure of attention deficithyperactivity disorder in an adult sample.pdf;,http://www.ncbi.nlm.nih.gov/pubmed/22480749,30; 40; Adulthood (18 yrs &amp; Aged (65 yrs &amp; Attention Deficit Disorder with Hyperactivity; Latent Inhibition; Middle Age (40-64 yrs); older); Symptoms; Thirties (30-39 yrs); Young Adulthood (18-29 yrs),Adolescent; Adult; Aged; Attention; Data Collection; Female; Humans; Hyperkinesis; Impulsive Behavior; Male; Middle Aged; Psychiatric Status Rating Scales; Self Report; Sex Factors; Young Adult,NA,NA,NA,NA,NA,NA,NA,NA,NA,NA,NA,NA,NA,NA,NA,NA,NA,NA,NA,NA,NA,NA,NA,NA,NA,NA,NA,NA,NA,NA,NA,NA,NA,NA,NA,NA,NA,NA,NA,NA,NA,NA,NA,NA,NA,NA
ZXGWUPNG,journalArticle,2006,"Haslam, N; Williams, B; Prior, M; Haslam, R; Graetz, B; Sawyer, M",The latent structure of attention-deficit/hyperactivity disorder: a taxometric analysis,AUSTRALIAN AND NEW ZEALAND JOURNAL OF PSYCHIATRY,NA,0004-8674,10.1111/j.1440-1614.2006.01863.x,NA,NA,2006-08,2025-04-20T13:39:13Z,2025-04-20T16:29:48Z,NA,639-647,NA,8,40,NA,NA,NA,NA,NA,NA,NA,NA,NA,NA,NA,NA,NA,WOS:000238747800005,NA,NA,NA,NA,NA,http://www.ncbi.nlm.nih.gov/pubmed/16866759,30; 40; Adolescence (13-17 yrs); Attention Deficit Disorder with Hyperactivity; Childhood (birth-12 yrs); Psychodiagnostic Typologies; School Age (6-12 yrs); Taxonomies,"Adolescent; Australia; Causality; Child; Child, Preschool; Comorbidity; Cross-Sectional Studies; Diagnostic and Statistical Manual of Mental Disorders; Female; Humans; Male; Mathematical Computing; Mental Disorders; Personality Assessment; Psychometrics; Reproducibility of Results",NA,NA,NA,NA,NA,NA,NA,NA,NA,NA,NA,NA,NA,NA,NA,NA,NA,NA,NA,NA,NA,NA,NA,NA,NA,NA,NA,NA,NA,NA,NA,NA,NA,NA,NA,NA,NA,NA,NA,NA,NA,NA,NA,NA,NA,NA
CNGUQK4K,journalArticle,2007,"Frazier, TW; Youngstrom, EA; Naugle, RI",The latent structure of attention-deficit/hyperactivity disorder in a clinic-referred sample,NEUROPSYCHOLOGY,NA,0894-4105,10.1037/0894-4105.21.1.45,NA,NA,2007-01,2025-04-20T13:39:13Z,2025-04-20T16:29:48Z,NA,45-64,NA,1,21,NA,NA,NA,NA,NA,NA,NA,NA,NA,NA,NA,NA,NA,WOS:000243215400005,NA,NA,NA,NA,NA,http://www.ncbi.nlm.nih.gov/pubmed/17201529,30; 40; Adolescence (13-17 yrs); Adulthood (18 yrs &amp; Aged (65 yrs &amp; Attention Deficit Disorder with Hyperactivity; Childhood (birth-12 yrs); Middle Age (40-64 yrs); older); Preschool Age (2-5 yrs); School Age (6-12 yrs); Subtypes (Disorders); Thirties (30-39 yrs); Young Adulthood (18-29 yrs),Adolescent; Adult; Attention; Female; Humans; Male; Neuropsychological Tests; Problem Solving; Psychiatric Status Rating Scales; Referral and Consultation,NA,NA,NA,NA,NA,NA,NA,NA,NA,NA,NA,NA,NA,NA,NA,NA,NA,NA,NA,NA,NA,NA,NA,NA,NA,NA,NA,NA,NA,NA,NA,NA,NA,NA,NA,NA,NA,NA,NA,NA,NA,NA,NA,NA,NA,NA
FTJ2INT8,journalArticle,2011,"Marcus, DK; Barry, TD",Does Attention-Deficit/Hyperactivity Disorder Have a Dimensional Latent Structure? A Taxometric Analysis,JOURNAL OF ABNORMAL PSYCHOLOGY,NA,0021-843X,10.1037/a0021405,NA,NA,2011-05,2025-04-20T13:39:13Z,2025-04-20T16:29:51Z,NA,427-442,NA,2,120,NA,NA,NA,NA,NA,NA,NA,NA,NA,NA,NA,NA,NA,WOS:000290595900014,NA,NA,NA,NA,/Users/tita/Zotero/storage/QPL7UH5C/Marcus and Barry - 2011 - Does attention-deficithyperactivity disorder have a dimensional latent structure A taxometric anal.pdf;,http://www.ncbi.nlm.nih.gov/pubmed/20973595,30; 40; Adulthood (18 yrs &amp; Attention Deficit Disorder with Hyperactivity; Causal Analysis; Childhood (birth-12 yrs); older); School Age (6-12 yrs); Taxonomies,"Attention; Child; Child Behavior; Factor Analysis, Statistical; Female; Humans; Hyperkinesis; Male; Psychiatric Status Rating Scales; Surveys and Questionnaires",NA,NA,NA,NA,NA,NA,NA,NA,NA,NA,NA,NA,NA,NA,NA,NA,NA,NA,NA,NA,NA,NA,NA,NA,NA,NA,NA,NA,NA,NA,NA,NA,NA,NA,NA,NA,NA,NA,NA,NA,NA,NA,NA,NA,NA,NA
TZTT2YV2,journalArticle,2007,"Lenzenweger, MF; McLachlan, G; Rubin, DB",Resolving the latent structure of schizophrenia endophenotypes using expectation-maximization-based finite mixture modeling,JOURNAL OF ABNORMAL PSYCHOLOGY,NA,0021-843X,10.1037/0021-843X.116.1.16,NA,NA,2007-02,2025-04-20T13:39:13Z,2025-04-20T16:29:49Z,NA,16-29,NA,1,116,NA,NA,NA,NA,NA,NA,NA,NA,NA,NA,NA,NA,NA,WOS:000244162200002,NA,NA,NA,NA,NA,http://www.ncbi.nlm.nih.gov/pubmed/17324013,Adulthood (18 yrs &amp; At Risk Populations; Cognitive Impairment; Endophenotype; Item Response Theory; Middle Age (40-64 yrs); Mixture Modeling; older); Phenotypes; Schizophrenia; Statistical Analysis; Susceptibility (Disorders); Sustained Attention; Thirties (30-39 yrs); Visual Tracking; Young Adulthood (18-29 yrs),Attention; Cognition Disorders; Eye Movements; Female; Humans; Male; Middle Aged; Phenotype,NA,NA,NA,NA,NA,NA,NA,NA,NA,NA,NA,NA,NA,NA,NA,NA,NA,NA,NA,NA,NA,NA,NA,NA,NA,NA,NA,NA,NA,NA,NA,NA,NA,NA,NA,NA,NA,NA,NA,NA,NA,NA,NA,NA,NA,NA
VV72G6JG,journalArticle,2014,"Salum, GA; Sonuga-Barke, E; Sergeant, J; Vandekerckhove, J; Gadelha, A; Moriyama, TS; Graeff-Martins, AS; Manfro, GG; Polanczyk, G; Rohde, LAP",Mechanisms underpinning inattention and hyperactivity: neurocognitive support for ADHD dimensionality,PSYCHOLOGICAL MEDICINE,NA,0033-2917,10.1017/S0033291714000919,NA,NA,2014-11,2025-04-20T13:39:13Z,2025-04-20T16:29:50Z,NA,3189-3201,NA,15,44,NA,NA,NA,NA,NA,NA,NA,NA,NA,NA,NA,NA,NA,WOS:000344467900005,NA,NA,NA,NA,; /Users/tita/Zotero/storage/CU47BPTN/Salum et al. - 2014 - Mechanisms underpinning inattention and hyperactivity neurocognitive support for ADHD dimensionalit.pdf,http://www.ncbi.nlm.nih.gov/pubmed/25065454,30; 40; Attention; Attention Deficit Disorder with Hyperactivity; Childhood (birth-12 yrs); Hyperactivity; Neurocognition; Neuropsychology; School Age (6-12 yrs),"Brazil; Child; Cognition; Executive Function; Female; Humans; Inhibition, Psychological; Male; Severity of Illness Index",NA,NA,NA,NA,NA,NA,NA,NA,NA,NA,NA,NA,NA,NA,NA,NA,NA,NA,NA,NA,NA,NA,NA,NA,NA,NA,NA,NA,NA,NA,NA,NA,NA,NA,NA,NA,NA,NA,NA,NA,NA,NA,NA,NA,NA,NA
9CFXZRHP,journalArticle,2008,"Ingram, DG; Takahashi, TN; Miles, JH",Defining autism subgroups: A taxometric solution,JOURNAL OF AUTISM AND DEVELOPMENTAL DISORDERS,NA,0162-3257,10.1007/s10803-007-0469-y,NA,NA,2008-05,2025-04-20T13:39:13Z,2025-04-20T16:29:52Z,NA,950-960,NA,5,38,NA,NA,NA,NA,NA,NA,NA,NA,NA,NA,NA,NA,NA,WOS:000255412700015,NA,NA,NA,NA,NA,http://www.ncbi.nlm.nih.gov/pubmed/17985224,30; 40; Autism Spectrum Disorders; Behavior; Childhood (birth-12 yrs); Phenotypes; Physical Development,"Autistic Disorder; Diagnosis, Differential; Female; Humans; Male; Observer Variation; Surveys and Questionnaires",NA,NA,NA,NA,NA,NA,NA,NA,NA,NA,NA,NA,NA,NA,NA,NA,NA,NA,NA,NA,NA,NA,NA,NA,NA,NA,NA,NA,NA,NA,NA,NA,NA,NA,NA,NA,NA,NA,NA,NA,NA,NA,NA,NA,NA,NA
SMPEYTVK,journalArticle,2023,"Deserno, MK; Bathelt, J; Groenman, AP; Geurts, HM",Probing the overarching continuum theory: data-driven phenotypic clustering of children with ASD or ADHD,EUROPEAN CHILD & ADOLESCENT PSYCHIATRY,NA,1018-8827,10.1007/s00787-022-01986-9,NA,NA,2023-10,2025-04-20T13:39:13Z,2025-04-20T16:29:50Z,NA,1909-1923,NA,10,32,NA,NA,NA,NA,NA,NA,NA,NA,NA,NA,NA,NA,NA,WOS:000809297000001,NA,NA,NA,NA,/Users/tita/Zotero/storage/FN8FJ52U/Deserno et al. - 2023 - Probing the overarching continuum theory data-driven phenotypic clustering of children with ASD or.pdf;,http://www.ncbi.nlm.nih.gov/pubmed/35687205,NA,ADHD; Attention Deficit Disorder with Hyperactivity; Autism; Autism Spectrum Disorder; Child; Data-driven clustering; Humans; Neurodevelopmental Disorders; Overarching continuum theory; Phenotype; Psychiatric nosology,NA,NA,NA,NA,NA,NA,NA,NA,NA,NA,NA,NA,NA,NA,NA,NA,NA,NA,NA,NA,NA,NA,NA,NA,NA,NA,NA,NA,NA,NA,NA,NA,NA,NA,NA,NA,NA,NA,NA,NA,NA,NA,NA,NA,NA,NA
Y8RJD6VW,journalArticle,2017,"Herpers, PCM; Klip, H; Rommelse, NNJ; Taylor, MJ; Greven, CU; Buitelaar, JK",Taxometric analyses and predictive accuracy of callous-unemotional traits regarding quality of life and behavior problems in non-conduct disorder diagnoses,PSYCHIATRY RESEARCH,NA,0165-1781,10.1016/j.psychres.2017.04.004,NA,NA,2017-07,2025-04-20T13:39:13Z,2025-04-20T16:29:49Z,NA,351-359,NA,NA,253,NA,NA,NA,NA,NA,NA,NA,NA,NA,NA,NA,NA,NA,WOS:000403739100052,NA,NA,NA,NA,; /Users/tita/Zotero/storage/HYZFP8NI/Herpers et al. - 2017 - Taxometric analyses and predictive accuracy of callous-unemotional traits regarding quality of life.pdf,http://www.ncbi.nlm.nih.gov/pubmed/28427034,30; 40; Adolescence (13-17 yrs); Affective Disorders; Anxiety; Callous-Unemotional Traits; Childhood (birth-12 yrs); Conduct Disorder; School Age (6-12 yrs); Symptoms,ADHD; Adolescent; Anxiety/mood disorders; Autism; Callous-unemotional traits; Child; Conduct disorder; Emotions; Humans; Male; Oppositional-defiant disorder; Parents; Personality; Personality Inventory; Predictive Value of Tests; Problem Behavior; Quality of life; Quality of Life; Reference Values; ROC Curve; Taxon,NA,NA,NA,NA,NA,NA,NA,NA,NA,NA,NA,NA,NA,NA,NA,NA,NA,NA,NA,NA,NA,NA,NA,NA,NA,NA,NA,NA,NA,NA,NA,NA,NA,NA,NA,NA,NA,NA,NA,NA,NA,NA,NA,NA,NA,NA
SU6ILGSM,journalArticle,2010,"Frazier, TW; Youngstrom, EA; Sinclair, L; Kubu, CS; Law, P; Rezai, A; Constantino, JN; Eng, C","Autism Spectrum Disorders as a Qualitatively Distinct Category From Typical Behavior in a Large, Clinically Ascertained Sample",ASSESSMENT,NA,1073-1911,10.1177/1073191109356534,NA,NA,2010-09,2025-04-20T13:39:13Z,2025-04-20T16:29:52Z,NA,308-320,NA,3,17,NA,NA,NA,NA,NA,NA,NA,NA,NA,NA,NA,NA,NA,WOS:000280610400003,NA,NA,NA,NA,NA,http://www.ncbi.nlm.nih.gov/pubmed/20040725,30; 40; Autism Spectrum Disorders; Behavior; Diagnosis; Diagnostic and Statistical Manual; Early Intervention; Family,"Caregivers; Child; Child Development Disorders, Pervasive; Classification; Databases, Factual; Diagnostic and Statistical Manual of Mental Disorders; Family Relations; Female; Humans; Interview, Psychological; Male; Models, Psychological; Monte Carlo Method; Psychometrics; Qualitative Research; Registries; Statistics as Topic; Surveys and Questionnaires; Time Factors",NA,NA,NA,NA,NA,NA,NA,NA,NA,NA,NA,NA,NA,NA,NA,NA,NA,NA,NA,NA,NA,NA,NA,NA,NA,NA,NA,NA,NA,NA,NA,NA,NA,NA,NA,NA,NA,NA,NA,NA,NA,NA,NA,NA,NA,NA
JGRVTDGX,journalArticle,2016,"James, RJE; Dubey, I; Smith, D; Ropar, D; Tunney, RJ","The Latent Structure of Autistic Traits: A Taxometric, Latent Class and Latent Profile Analysis of the Adult Autism Spectrum Quotient",JOURNAL OF AUTISM AND DEVELOPMENTAL DISORDERS,NA,0162-3257,10.1007/s10803-016-2897-z,NA,NA,2016-12,2025-04-20T13:39:13Z,2025-04-20T16:29:48Z,NA,3712-3728,NA,12,46,NA,NA,NA,NA,NA,NA,NA,NA,NA,NA,NA,NA,NA,WOS:000388621400008,NA,NA,NA,NA,"/Users/tita/Zotero/storage/TWBYYKS9/James et al. - 2016 - The Latent Structure of Autistic Traits A Taxometric, Latent Class and Latent Profile Analysis of t.pdf;",http://www.ncbi.nlm.nih.gov/pubmed/27620625,30; 40; Adolescence (13-17 yrs); Adulthood (18 yrs &amp; Aged (65 yrs &amp; Autism Spectrum Disorders; Latent Class Analysis; Latent Profile Analysis; Measurement; Middle Age (40-64 yrs); older); Psychometrics; Taxonomies; Thirties (30-39 yrs); Young Adulthood (18-29 yrs),"Adolescent; Adult; Aged; Autism quotient; Autism Spectrum Disorder; Autistic traits; Female; Humans; Latent class analysis; Latent structure analysis; Male; Middle Aged; Models, Psychological; Nosology; Surveys and Questionnaires; Taxometric analysis; Young Adult",NA,NA,NA,NA,NA,NA,NA,NA,NA,NA,NA,NA,NA,NA,NA,NA,NA,NA,NA,NA,NA,NA,NA,NA,NA,NA,NA,NA,NA,NA,NA,NA,NA,NA,NA,NA,NA,NA,NA,NA,NA,NA,NA,NA,NA,NA
4X5MVW6R,journalArticle,2020,"Haslam, N; McGrath, MJ; Viechtbauer, W; Kuppens, P",Dimensions over categories: a meta-analysis of taxometric research,PSYCHOLOGICAL MEDICINE,NA,0033-2917,10.1017/S003329172000183X,NA,NA,2020-07,2025-04-20T13:39:13Z,2025-04-20T16:29:51Z,NA,1418-1432,NA,9,50,NA,NA,NA,NA,NA,NA,NA,NA,NA,NA,NA,NA,NA,WOS:000553814400002,NA,NA,NA,NA,/Users/tita/Zotero/storage/HWG7AU3E/Haslam et al. - 2020 - Dimensions over categories a meta-analysis of taxometric research.pdf;,http://www.ncbi.nlm.nih.gov/pubmed/32493520,Alcohol Use Disorder; Autism Spectrum Disorders; Explosive Disorder; Gambling Disorder; Individual Differences; Models; Pedophilia; Personality; Psychopathology; Suicide; Taxonomies,Category; classification; dimension; Humans; Mental Disorders; Personality Assessment; Personality Disorders; Research Design; taxometric,NA,NA,NA,NA,NA,NA,NA,NA,NA,NA,NA,NA,NA,NA,NA,NA,NA,NA,NA,NA,NA,NA,NA,NA,NA,NA,NA,NA,NA,NA,NA,NA,NA,NA,NA,NA,NA,NA,NA,NA,NA,NA,NA,NA,NA,NA
PCT5A6DS,journalArticle,2008,"Munson, J; Dawson, G; Sterling, L; Beauchaine, T; Zhou, A; Koehler, E; Lord, C; Rogers, S; Sigman, M; Estes, A; Abbott, R",Evidence for Latent Classes of IQ in Young Children With Autism Spectrum Disorder,AMERICAN JOURNAL ON MENTAL RETARDATION,NA,0895-8017,10.1352/2008.113:439-452,NA,NA,2008-11,2025-04-20T13:39:13Z,2025-04-20T16:29:51Z,NA,439-452,NA,6,113,NA,NA,NA,NA,NA,NA,NA,NA,NA,NA,NA,NA,NA,WOS:000260551000003,NA,NA,NA,NA,/Users/tita/Zotero/storage/7CQZND6V/Munson et al. - 2008 - Evidence for latent classes of IQ in young children with autism spectrum disorder.pdf;,http://www.ncbi.nlm.nih.gov/pubmed/19127655,30; 40; Adulthood (18 yrs &amp; Aged (65 yrs &amp; Autism Spectrum Disorders; Intelligence Quotient; Middle Age (40-64 yrs); older); Subtypes (Disorders); Thirties (30-39 yrs); Young Adulthood (18-29 yrs),Adult; Autistic Disorder; Cognition Disorders; Female; Humans; Intelligence; Male; Neuropsychological Tests; Nonverbal Communication; Severity of Illness Index; Verbal Behavior,NA,NA,NA,NA,NA,NA,NA,NA,NA,NA,NA,NA,NA,NA,NA,NA,NA,NA,NA,NA,NA,NA,NA,NA,NA,NA,NA,NA,NA,NA,NA,NA,NA,NA,NA,NA,NA,NA,NA,NA,NA,NA,NA,NA,NA,NA
85YXD62P,journalArticle,1987,"GOLDEN, RR; CAMPBELL, M; PERRY, R",A TAXOMETRIC METHOD FOR DIAGNOSIS OF TARDIVE-DYSKINESIA,JOURNAL OF PSYCHIATRIC RESEARCH,NA,0022-3956,10.1016/0022-3956(87)90024-0,NA,NA,1987,2025-04-20T13:39:13Z,2025-04-20T16:29:53Z,NA,233-241,NA,3,21,NA,NA,NA,NA,NA,NA,NA,NA,NA,NA,NA,NA,NA,WOS:A1987K701100003,NA,NA,NA,NA,NA,http://www.ncbi.nlm.nih.gov/pubmed/2890764,Autism Spectrum Disorders; Childhood (birth-12 yrs); Haloperidol; Preschool Age (2-5 yrs); Psychodiagnosis; School Age (6-12 yrs); Statistical Analysis; Tardive Dyskinesia; Taxonomies,"Antipsychotic Agents; Autistic Disorder; Child; Child, Preschool; Dyskinesia, Drug-Induced; Humans; Mathematics; Models, Theoretical",NA,NA,NA,NA,NA,NA,NA,NA,NA,NA,NA,NA,NA,NA,NA,NA,NA,NA,NA,NA,NA,NA,NA,NA,NA,NA,NA,NA,NA,NA,NA,NA,NA,NA,NA,NA,NA,NA,NA,NA,NA,NA,NA,NA,NA,NA
B6NQCYSD,journalArticle,2007,"Haslam, N.",The latent structure of mental disorders: A taxometric update on the categorical vs dimensional debate,Current Psychiatry Reviews,NA,NA,10.2174/157340007781369685,https://www.scopus.com/inward/record.uri?eid=2-s2.0-34548297021&doi=10.2174%2f157340007781369685&partnerID=40&md5=c743d4ff0d3dc5c93175ac5601dfc7e0,NA,2007,2025-04-20T16:13:38Z,2025-04-20T16:29:47Z,NA,172-177,NA,3,3,NA,NA,NA,NA,NA,NA,NA,NA,NA,NA,NA,NA,Scopus,NA,NA,NA,NA,NA,NA,NA,Attention Deficit Disorder with Hyperactivity; Major Depression; Mental Disorders; Posttraumatic Stress Disorder; Schizophrenia; Statistical Analysis; Subtypes (Disorders); Taxonomies,NA,NA,NA,NA,NA,NA,NA,NA,NA,NA,NA,NA,NA,NA,NA,NA,NA,NA,NA,NA,NA,NA,NA,NA,NA,NA,NA,NA,NA,NA,NA,NA,NA,NA,NA,NA,NA,NA,NA,NA,NA,NA,NA,NA,NA,NA,NA
WH37KITH,journalArticle,2023,"Frazier, Thomas W.; Chetcuti, Lacey; Al‐Shaban, Fouad A.; Haslam, Nick; Ghazal, Iman; Klingemier, Eric W.; Aldosari, Mohammed; Whitehouse, Andrew J. O.; Youngstrom, Eric A.; Hardan, Antonio Y.; Uljarević, Mirko",Categorical versus dimensional structure of autism spectrum disorder: A multi‐method investigation.,JCPP Advances,NA,NA,NA,https://research.ebsco.com/linkprocessor/plink?id=c6cafc3f-467c-3dd5-b876-d7a13bfe04a9,"Background A key question for any psychopathological diagnosis is whether the condition is continuous or discontinuous with typical variation. The primary objective of this study was to use a multi‐method approach to examine the broad latent categorical versus dimensional structure of autism spectrum disorder (ASD). Method Data were aggregated across seven independent samples of participants with ASD, other neurodevelopmental disorders (NDD), and non‐ASD/NDD controls (aggregate Ns = 512–16,755; ages 1.5–22). Scores from four distinct phenotype measures formed composite “indicators” of the latent ASD construct. The primary indicator set included eye gaze metrics from seven distinct social stimulus paradigms. Logistic regressions were used to combine gaze metrics within/across paradigms, and derived predicted probabilities served as indicator values. Secondary indicator sets were constructed from clinical observation and parent‐report measures of ASD symptoms. Indicator sets were submit",2023,2025-04-20T16:19:15Z,2025-04-20T16:19:15Z,NA,null-null,NA,null,null,NA,NA,NA,NA,NA,NA,NA,NA,NA,NA,NA,NA,NA,NA,NA,NA,Citation Key: 2023-49956-00120230221,NA,NA,NA,NA,NA,NA,NA,NA,NA,NA,NA,NA,NA,NA,NA,NA,NA,NA,NA,NA,NA,NA,NA,NA,NA,NA,NA,NA,NA,NA,NA,NA,NA,NA,NA,NA,NA,NA,NA,NA,NA,NA,NA,NA,NA,NA,NA,NA,NA,NA,NA
HIXS655H,journalArticle,2007,"Pineda, David A.; Aguirre-Acevedo, Daniel Camilo; Lopera, Francisco; Pineda, Daniel A.; Arcos-Burgos, Mauricio",Taxometría de conglomerados del trastorno por déficit de atención/hiperactividad con análisis de clases latentes y de correspondencias.,Universitas Psychologica,NA,NA,NA,https://research.ebsco.com/linkprocessor/plink?id=cfcaf5ee-51d3-3332-a4b3-65647d2745bf,"Attention deficit/hyperactivity disorder (ADHD) has heterogeneous symptoms with diverse grades of severity. Latent class cluster analysis (LCCA) can be used to classify children, using direct data from any instrument that reports these symptoms, without previous gold standard diagnosis. One ADHD symptoms checklist, and one ADHD comorbidities questionnaire were used. LCCAs were developed for each instrument, which were administered to a sample of 540 children and adolescents, aged 4-17 years, from the regular school of Manizales-Colombia. A simple correspondence analysis (SCA) was done to determine the relationships between the groups classified from both LCCAs. Six clusters were obtained from ADHD checklist and five from the ADHD comorbidities questionnaire. SCA found four independent groups, derived from the concordances between the 11 clusters obtained by the LCCAs from both instruments. These findings suggest that LCCA and SCA can be use as accurate taxometric procedures to classif",2007,2025-04-20T16:19:15Z,2025-04-20T16:19:15Z,NA,409-423,NA,2,6,NA,NA,NA,NA,NA,NA,NA,NA,NA,NA,NA,NA,NA,NA,NA,NA,Citation Key: 2008-01388-01720070101,NA,NA,NA,Adolescence (13-17 yrs); Attention Deficit Disorder with Hyperactivity; Childhood (birth-12 yrs); Cluster Analysis; Comorbidity; Preschool Age (2-5 yrs); School Age (6-12 yrs); Severity (Disorders); Symptoms,NA,NA,NA,NA,NA,NA,NA,NA,NA,NA,NA,NA,NA,NA,NA,NA,NA,NA,NA,NA,NA,NA,NA,NA,NA,NA,NA,NA,NA,NA,NA,NA,NA,NA,NA,NA,NA,NA,NA,NA,NA,NA,NA,NA,NA,NA,NA
Z3JXTC4T,journalArticle,2012,"Haslam, N.; Holland, E.; Kuppens, P.",Categories ¡i¿versus¡/i¿ dimensions in personality and psychopathology: A quantitative review of taxometric research.,Psychological Medicine,NA,NA,NA,https://research.ebsco.com/linkprocessor/plink?id=2e73d47c-b4c8-388c-82ec-63f45850d661,"Taxometric research methods were developed by Paul Meehl and colleagues to distinguish between categorical and dimensional models of latent variables. We have conducted a comprehensive review of published taxometric research that included 177 articles, 311 distinct findings and a combined sample of 533 377 participants. Multilevel logistic regression analyses have examined the methodological and substantive variables associated with taxonic (categorical) findings. Although 38.9",2012,2025-04-20T16:19:15Z,2025-04-20T16:19:15Z,NA,903-920,NA,5,42,NA,NA,NA,NA,NA,NA,NA,NA,NA,NA,NA,NA,NA,NA,NA,NA,Citation Key: 2012-08848-00320120501,NA,NA,NA,Affective Disorders; Anxiety Disorders; Externalization; Personality Disorders; Personality Traits; Psychopathology,NA,NA,NA,NA,NA,NA,NA,NA,NA,NA,NA,NA,NA,NA,NA,NA,NA,NA,NA,NA,NA,NA,NA,NA,NA,NA,NA,NA,NA,NA,NA,NA,NA,NA,NA,NA,NA,NA,NA,NA,NA,NA,NA,NA,NA,NA,NA
NPECUCK7,journalArticle,2003,"Beauchaine, TP",Taxometrics and developmental psychopathology,DEVELOPMENT AND PSYCHOPATHOLOGY,NA,0954-5794,10.1017/S0954579403000270,NA,NA,2003,2025-04-20T13:39:13Z,2025-04-20T16:29:49Z,NA,501-527,NA,3,15,NA,NA,NA,NA,NA,NA,NA,NA,NA,NA,NA,NA,NA,WOS:000185309300002,NA,NA,NA,NA,NA,http://www.ncbi.nlm.nih.gov/pubmed/14582930,NA,"Algorithms; Attention Deficit Disorder with Hyperactivity; Child; Cluster Analysis; Diagnostic and Statistical Manual of Mental Disorders; Environment; Humans; Personality Development; Personality Disorders; Psychology, Child; Risk Factors; Sampling Studies; Schizophrenia; Schizophrenic Psychology",NA,NA,NA,NA,NA,NA,NA,NA,NA,NA,NA,NA,NA,NA,NA,NA,NA,NA,NA,NA,NA,NA,NA,NA,NA,NA,NA,NA,NA,NA,NA,NA,NA,NA,NA,NA,NA,NA,NA,NA,NA,NA,NA,NA,NA,NA
BK7BPS3Y,journalArticle,2018,"Stevens, MC; Pearlson, GD; Calhoun, VD; Bessette, KL",Functional Neuroimaging Evidence for Distinct Neurobiological Pathways in Attention-Deficit/Hyperactivity Disorder,BIOLOGICAL PSYCHIATRY-COGNITIVE NEUROSCIENCE AND NEUROIMAGING,NA,2451-9022,10.1016/j.bpsc.2017.09.005,NA,NA,2018-08,2025-04-20T13:39:13Z,2025-04-20T16:29:51Z,NA,675-685,NA,8,3,NA,NA,NA,NA,NA,NA,NA,NA,NA,NA,NA,NA,NA,WOS:000494352300005,NA,NA,NA,NA,/Users/tita/Zotero/storage/NWKWB6FM/Stevens et al. - 2018 - Functional Neuroimaging Evidence for Distinct Neurobiological Pathways in Attention-DeficitHyperact.pdf;,http://www.ncbi.nlm.nih.gov/pubmed/30092917,NA,"ADHD; Adolescent; Attention Deficit Disorder with Hyperactivity; Child; Cognitive Dysfunction; Executive Function; Female; fMRI; Functional Neuroimaging; Humans; Inhibition; Inhibition, Psychological; Magnetic Resonance Imaging; Male; Pathway; Psychomotor Performance; Reward; Subgroup",NA,NA,NA,NA,NA,NA,NA,NA,NA,NA,NA,NA,NA,NA,NA,NA,NA,NA,NA,NA,NA,NA,NA,NA,NA,NA,NA,NA,NA,NA,NA,NA,NA,NA,NA,NA,NA,NA,NA,NA,NA,NA,NA,NA,NA,NA
IHA9ZJED,journalArticle,2023,"Frazier, TW; Chetcuti, L; Al-Shaban, FA; Haslam, N; Ghazal, I; Klingemier, EW; Aldosari, M; Whitehouse, AJO; Youngstrom, EA; Hardan, AY; Uljarevic, M",Categorical versus dimensional structure of autism spectrum disorder: A multi-method investigation,JCPP ADVANCES,NA,2692-9384,10.1002/jcv2.12142,NA,NA,2023-06,2025-04-20T13:39:13Z,2025-04-20T16:29:52Z,NA,NA,NA,2,3,NA,NA,NA,NA,NA,NA,NA,NA,NA,NA,NA,NA,NA,WOS:001283278400015,NA,NA,NA,NA,/Users/tita/Zotero/storage/DHYHEFDF/Frazier et al. - 2023 - Categorical versus dimensional structure of autism spectrum disorder A multi-method investigation.pdf;,http://www.ncbi.nlm.nih.gov/pubmed/37753161,NA,autism; categorical; dimensional; latent; taxometric,NA,NA,NA,NA,NA,NA,NA,NA,NA,NA,NA,NA,NA,NA,NA,NA,NA,NA,NA,NA,NA,NA,NA,NA,NA,NA,NA,NA,NA,NA,NA,NA,NA,NA,NA,NA,NA,NA,NA,NA,NA,NA,NA,NA,NA,NA
Z9CPXSU9,journalArticle,2012,"Haslam, N; Holland, E; Kuppens, P",Categories versus dimensions in personality and psychopathology: a quantitative review of taxometric research,PSYCHOLOGICAL MEDICINE,NA,0033-2917,10.1017/S0033291711001966,NA,NA,2012-05,2025-04-20T13:39:13Z,2025-04-20T16:29:52Z,NA,903-920,NA,5,42,NA,NA,NA,NA,NA,NA,NA,NA,NA,NA,NA,NA,NA,WOS:000302379800003,NA,NA,NA,NA,NA,http://www.ncbi.nlm.nih.gov/pubmed/21939592,NA,Humans; Mental Disorders; Personality; Personality Assessment; Personality Disorders; Psychopathology; Research Design,NA,NA,NA,NA,NA,NA,NA,NA,NA,NA,NA,NA,NA,NA,NA,NA,NA,NA,NA,NA,NA,NA,NA,NA,NA,NA,NA,NA,NA,NA,NA,NA,NA,NA,NA,NA,NA,NA,NA,NA,NA,NA,NA,NA,NA,NA
XWU3UUXM,journalArticle,1999,"Verhoeff, NPLG; Soares, JC; D'Souza, CD; Gil, R; Degen, K; Abi-Dargham, A; Zoghbi, SS; Fujita, M; Rajeevan, N; Seibyl, JP; Krystal, JH; van Dyck, CH; Charney, DS; Innis, RB",[123I]Iomazenil SPECT benzodiazepine receptor imaging in schizophrenia,PSYCHIATRY RESEARCH-NEUROIMAGING,NA,0925-4927,10.1016/S0925-4927(99)00027-X,NA,NA,1999-10-11,2025-04-20T13:39:13Z,2025-04-20T16:29:53Z,NA,163-173,NA,3,91,NA,NA,NA,NA,NA,NA,NA,NA,NA,NA,NA,NA,NA,WOS:000083653500004,NA,NA,NA,NA,NA,http://www.ncbi.nlm.nih.gov/pubmed/10641580,NA,"Adult; Brain; Brain Mapping; Cerebral Cortex; Dominance, Cerebral; Female; Flumazenil; Frontal Lobe; Humans; Iodine Radioisotopes; Male; Middle Aged; Psychiatric Status Rating Scales; Receptors, GABA-A; Schizophrenia; Tomography, Emission-Computed, Single-Photon",NA,NA,NA,NA,NA,NA,NA,NA,NA,NA,NA,NA,NA,NA,NA,NA,NA,NA,NA,NA,NA,NA,NA,NA,NA,NA,NA,NA,NA,NA,NA,NA,NA,NA,NA,NA,NA,NA,NA,NA,NA,NA,NA,NA,NA,NA
SZRUMYTS,journalArticle,1989,"Meehl, P. E.",Schizotaxia revisited,Archives of General Psychiatry,NA,0003-990X,10.1001/archpsyc.1989.01810100077015,NA,"A conjectured neural integrative defect (schizotaxia), due to a dominant schizogene completely penetrant for a parametric aberration in synaptic signal selectivity (hypokrisia), gives rise under ordinary social learning regimens to schizotypy, a personality showing ambivalence, aversive drift, dereism, autism, and cognitive slippage. Given unfavorable polygenic potentiators (eg, introversion, hypohedonia, and anxiety) and adverse life experiences (eg, childhood trauma or adult misfortune), around 10% develop schizophrenia. That schizophrenia is basically a neurologic disorder does not contradict whatever is known about its psychodynamics, nor preclude efficacy for psychotherapy or other psychosocial interventions. Research should concentrate on soft neurology and psychophysiology as indicators, being closer in the causal chain to the schizogene than psychometric, social, or high-level cognitive processes. Taxometric statistics are appropriate to testing a major locus model not simplistically formulated.",1989-10,2025-04-20T13:41:03Z,2025-04-20T16:29:49Z,NA,935-944,NA,10,46,NA,Arch Gen Psychiatry,NA,NA,NA,NA,NA,NA,NA,eng,NA,NA,NA,NA,PubMed,NA,PMID: 2552952,NA,NA,http://www.ncbi.nlm.nih.gov/pubmed/2552952,NA,"Central Nervous System; Central Nervous System Diseases; Female; Gene Expression; Genes; Humans; Male; Models, Genetic; Models, Neurological; Schizophrenia; Schizotypal Personality Disorder; Synaptic Transmission; Terminology as Topic",NA,NA,NA,NA,NA,NA,NA,NA,NA,NA,NA,NA,NA,NA,NA,NA,NA,NA,NA,NA,NA,NA,NA,NA,NA,NA,NA,NA,NA,NA,NA,NA,NA,NA,NA,NA,NA,NA,NA,NA,NA,NA,NA,NA,NA,NA
NIYLGUH8,journalArticle,2006,"Kollman, DM; Brown, TA; Liverant, GI; Hofmann, SG",A taxometric investigation of the latent structure of social anxiety disorder in outpatients with anxiety and mood disorders,DEPRESSION AND ANXIETY,NA,1091-4269,10.1002/da.20158,NA,NA,2006,2025-04-20T13:39:13Z,2025-04-20T16:29:55Z,NA,190-199,NA,4,23,NA,NA,NA,NA,NA,NA,NA,NA,NA,NA,NA,NA,NA,WOS:000239127200002,NA,NA,NA,NA,NA,NA,NA,NA,NA,NA,NA,NA,NA,NA,NA,NA,NA,NA,NA,NA,NA,NA,NA,NA,NA,NA,NA,NA,NA,NA,NA,NA,NA,NA,NA,NA,NA,NA,NA,NA,NA,NA,NA,NA,NA,NA,NA,NA,NA,NA,NA,NA,NA,NA
HU9LFE4P,journalArticle,2013,"Barry, TD; Marcus, DK; Barry, CT; Coccaro, EF",The latent structure of oppositional defiant disorder in children and adults,JOURNAL OF PSYCHIATRIC RESEARCH,NA,0022-3956,10.1016/j.jpsychires.2013.08.016,NA,NA,2013-12,2025-04-20T13:39:13Z,2025-04-20T16:29:47Z,NA,1932-1939,NA,12,47,NA,NA,NA,NA,NA,NA,NA,NA,NA,NA,NA,NA,NA,WOS:000327110300014,NA,NA,NA,NA,NA,NA,NA,NA,NA,NA,NA,NA,NA,NA,NA,NA,NA,NA,NA,NA,NA,NA,NA,NA,NA,NA,NA,NA,NA,NA,NA,NA,NA,NA,NA,NA,NA,NA,NA,NA,NA,NA,NA,NA,NA,NA,NA,NA,NA,NA,NA,NA,NA,NA
C8J42GDP,journalArticle,2010,"Walters, G.D.; Ronen, T.; Rosenbaum, M.",The Latent Structure of Childhood Aggression: A Taxometric Analysis of Self-Reported and Teacher-Rated Aggression in Israeli Schoolchildren,Psychological Assessment,NA,NA,10.1037/a0019779,https://www.scopus.com/inward/record.uri?eid=2-s2.0-77956721396&doi=10.1037%2fa0019779&partnerID=40&md5=2f5390a67ec3983880d8360404dce56e,NA,2010,2025-04-20T16:13:38Z,2025-04-20T16:13:38Z,NA,628-637,NA,3,22,NA,NA,NA,NA,NA,NA,NA,NA,NA,NA,NA,NA,Scopus,NA,NA,NA,NA,NA,NA,NA,NA,NA,NA,NA,NA,NA,NA,NA,NA,NA,NA,NA,NA,NA,NA,NA,NA,NA,NA,NA,NA,NA,NA,NA,NA,NA,NA,NA,NA,NA,NA,NA,NA,NA,NA,NA,NA,NA,NA,NA,NA,NA,NA,NA,NA,NA,NA,NA
8T7MQXKS,journalArticle,2018,"Kliem, S.; Heinrichs, N.; Lohmann, A.; Bussing, R.; Schwarzer, G.; Briegel, W.",Dimensional Latent Structure of Early Disruptive Behavior Disorders: A Taxometric Analysis in Preschoolers,Journal of Abnormal Child Psychology,NA,NA,10.1007/s10802-017-0383-5,https://www.scopus.com/inward/record.uri?eid=2-s2.0-85038072195&doi=10.1007%2fs10802-017-0383-5&partnerID=40&md5=afe20e41431b61dafa1f66bb8f55ea87,NA,2018,2025-04-20T16:13:38Z,2025-04-20T16:13:38Z,NA,1385-1394,NA,7,46,NA,NA,NA,NA,NA,NA,NA,NA,NA,NA,NA,NA,Scopus,NA,NA,NA,NA,NA,NA,NA,NA,NA,NA,NA,NA,NA,NA,NA,NA,NA,NA,NA,NA,NA,NA,NA,NA,NA,NA,NA,NA,NA,NA,NA,NA,NA,NA,NA,NA,NA,NA,NA,NA,NA,NA,NA,NA,NA,NA,NA,NA,NA,NA,NA,NA,NA,NA,NA
XVC9NU9K,journalArticle,2007,"Pineda, D.A.; Aguirre-Acevedo, D.C.; Lopera, F.; Pineda, D.A.; Arcos-Burgos, M.",Cluster taxometry of attention deficit/hyperactivity disorder with latent class and correspondence analysis,Universitas Psychologica,NA,NA,NA,https://www.scopus.com/inward/record.uri?eid=2-s2.0-42149188877&partnerID=40&md5=dbc49eb31779e32fe25abc595aef8ac2,NA,2007,2025-04-20T16:13:38Z,2025-04-20T16:13:38Z,NA,409-423,NA,2,6,NA,NA,Taxometría de conglomerados del trastorno por déficit de atención/hiperactividad con análisis de clases latentes y de correspondencias,NA,NA,NA,NA,NA,NA,NA,NA,NA,Scopus,NA,NA,NA,NA,NA,NA,NA,NA,NA,NA,NA,NA,NA,NA,NA,NA,NA,NA,NA,NA,NA,NA,NA,NA,NA,NA,NA,NA,NA,NA,NA,NA,NA,NA,NA,NA,NA,NA,NA,NA,NA,NA,NA,NA,NA,NA,NA,NA,NA,NA,NA,NA,NA,NA,NA
2CD7WZI7,journalArticle,2007,"Linscott, R.J.",The latent structure and coincidence of hypohedonia and schizotypy and their validity as indices of psychometric risk for schizophrenia,Journal of Personality Disorders,NA,NA,10.1521/pedi.2007.21.3.225,https://www.scopus.com/inward/record.uri?eid=2-s2.0-34250305050&doi=10.1521%2fpedi.2007.21.3.225&partnerID=40&md5=7d6efb6100342294dd65ce4f010a5a9a,NA,2007,2025-04-20T16:13:38Z,2025-04-20T16:13:38Z,NA,225-242,NA,3,21,NA,NA,NA,NA,NA,NA,NA,NA,NA,NA,NA,NA,Scopus,NA,NA,NA,NA,NA,NA,NA,NA,NA,NA,NA,NA,NA,NA,NA,NA,NA,NA,NA,NA,NA,NA,NA,NA,NA,NA,NA,NA,NA,NA,NA,NA,NA,NA,NA,NA,NA,NA,NA,NA,NA,NA,NA,NA,NA,NA,NA,NA,NA,NA,NA,NA,NA,NA,NA
CWEYRGND,journalArticle,2010,"Walters, G.D.",Dementia: Continuum or distinct entity?,Psychology and Aging,NA,NA,10.1037/a0018167,https://www.scopus.com/inward/record.uri?eid=2-s2.0-77957270695&doi=10.1037%2fa0018167&partnerID=40&md5=f2735197e3f936bfdac369d0be9ca484,NA,2010,2025-04-20T16:13:38Z,2025-04-20T16:13:38Z,NA,534-544,NA,3,25,NA,NA,NA,NA,NA,NA,NA,NA,NA,NA,NA,NA,Scopus,NA,NA,NA,NA,NA,NA,NA,NA,NA,NA,NA,NA,NA,NA,NA,NA,NA,NA,NA,NA,NA,NA,NA,NA,NA,NA,NA,NA,NA,NA,NA,NA,NA,NA,NA,NA,NA,NA,NA,NA,NA,NA,NA,NA,NA,NA,NA,NA,NA,NA,NA,NA,NA,NA,NA
8SYX35C8,journalArticle,2015,"Lubke, GH; Miller, PJ","Does nature have joints worth carving? A discussion of taxometrics, model-based clustering and latent variable mixture modeling",PSYCHOLOGICAL MEDICINE,NA,0033-2917,10.1017/S003329171400169X,NA,NA,2015-03,2025-04-15T11:29:50Z,2025-04-20T16:29:51Z,NA,705-715,NA,4,45,NA,NA,NA,NA,NA,NA,NA,NA,NA,NA,NA,NA,NA,WOS:000349618900003,NA,NA,NA,NA,NA,NA,NA,NA,NA,NA,NA,NA,NA,NA,NA,NA,NA,NA,NA,NA,NA,NA,NA,NA,NA,NA,NA,NA,NA,NA,NA,NA,NA,NA,NA,NA,NA,NA,NA,NA,NA,NA,NA,NA,NA,NA,NA,NA,NA,NA,NA,NA,NA,NA
6WIUG2HT,journalArticle,2012,"Coghill, D; Sonuga-Barke, EJS",Annual Research Review: Categories versus dimensions in the classification and conceptualisation of child and adolescent mental disorders - implications of recent empirical study,JOURNAL OF CHILD PSYCHOLOGY AND PSYCHIATRY,NA,0021-9630,10.1111/j.1469-7610.2011.02511.x,NA,NA,2012-05,2025-04-15T11:29:50Z,2025-04-20T16:29:52Z,NA,469-489,NA,5,53,NA,NA,NA,NA,NA,NA,NA,NA,NA,NA,NA,NA,NA,WOS:000302462800003,NA,NA,NA,NA,NA,NA,NA,NA,NA,NA,NA,NA,NA,NA,NA,NA,NA,NA,NA,NA,NA,NA,NA,NA,NA,NA,NA,NA,NA,NA,NA,NA,NA,NA,NA,NA,NA,NA,NA,NA,NA,NA,NA,NA,NA,NA,NA,NA,NA,NA,NA,NA,NA,NA
UUSS6XUK,journalArticle,2014,"Newbury, DF; Monaco, AP; Paracchini, S",Reading and Language Disorders: The Importance of Both Quantity and Quality,GENES,NA,2073-4425,10.3390/genes5020285,NA,NA,2014-06,2025-04-15T11:29:50Z,2025-04-20T16:29:50Z,NA,285-309,NA,2,5,NA,NA,NA,NA,NA,NA,NA,NA,NA,NA,NA,NA,NA,WOS:000348857700003,NA,NA,NA,NA,NA,NA,NA,NA,NA,NA,NA,NA,NA,NA,NA,NA,NA,NA,NA,NA,NA,NA,NA,NA,NA,NA,NA,NA,NA,NA,NA,NA,NA,NA,NA,NA,NA,NA,NA,NA,NA,NA,NA,NA,NA,NA,NA,NA,NA,NA,NA,NA,NA,NA
6VPEMLQF,journalArticle,2017,"Martel, MM; Schimmack, U; Nigg, JT","Future Directions for Work on Refinement of ADHD Assessment in Young Adults: Response to Sibley, Coxe, and Molina",ASSESSMENT,NA,1073-1911,10.1177/1073191116687392,NA,NA,2017-04,2025-04-20T13:39:13Z,2025-04-20T13:39:13Z,NA,297-299,NA,3,24,NA,NA,NA,NA,NA,NA,NA,NA,NA,NA,NA,NA,NA,WOS:000401570900003,NA,NA,NA,NA,NA,NA,NA,NA,NA,NA,NA,NA,NA,NA,NA,NA,NA,NA,NA,NA,NA,NA,NA,NA,NA,NA,NA,NA,NA,NA,NA,NA,NA,NA,NA,NA,NA,NA,NA,NA,NA,NA,NA,NA,NA,NA,NA,NA,NA,NA,NA,NA,NA,NA
GTU2G74G,journalArticle,2017,"Martel, MM; Levinson, CA; Lee, CA; Smith, TE",Impulsivity Symptoms as Core to the Developmental Externalizing Spectrum,JOURNAL OF ABNORMAL CHILD PSYCHOLOGY,NA,0091-0627,10.1007/s10802-016-0148-6,NA,NA,2017-01,2025-04-20T13:39:13Z,2025-04-20T13:39:13Z,NA,83-90,NA,1,45,NA,NA,NA,NA,NA,NA,NA,NA,NA,NA,NA,NA,NA,WOS:000392071900007,NA,NA,NA,NA,NA,NA,NA,NA,NA,NA,NA,NA,NA,NA,NA,NA,NA,NA,NA,NA,NA,NA,NA,NA,NA,NA,NA,NA,NA,NA,NA,NA,NA,NA,NA,NA,NA,NA,NA,NA,NA,NA,NA,NA,NA,NA,NA,NA,NA,NA,NA,NA,NA,NA
ZWVKJAGN,journalArticle,2019,"Archibald, LMD; Cardy, JO; Ansari, D; Olino, T; Joanisse, MF","The consistency and cognitive predictors of children's oral language, reading, and math learning profiles",LEARNING AND INDIVIDUAL DIFFERENCES,NA,1041-6080,10.1016/j.lindif.2019.02.003,NA,NA,2019-02,2025-04-20T13:39:13Z,2025-04-20T13:39:13Z,NA,130-141,NA,NA,70,NA,NA,NA,NA,NA,NA,NA,NA,NA,NA,NA,NA,NA,WOS:000463307500013,NA,NA,NA,NA,NA,NA,NA,NA,NA,NA,NA,NA,NA,NA,NA,NA,NA,NA,NA,NA,NA,NA,NA,NA,NA,NA,NA,NA,NA,NA,NA,NA,NA,NA,NA,NA,NA,NA,NA,NA,NA,NA,NA,NA,NA,NA,NA,NA,NA,NA,NA,NA,NA,NA
KS4TTCBL,journalArticle,2016,"Zavattini, GC",The parents' reaction to diagnosis of their children,PSICOLOGIA CLINICA DELLO SVILUPPO,NA,1824-078X,10.1449/85041,NA,NA,2016-12,2025-04-20T13:39:13Z,2025-04-20T13:39:13Z,NA,331-353,NA,3,20,NA,NA,NA,NA,NA,NA,NA,NA,NA,NA,NA,NA,NA,WOS:000393111800001,NA,NA,NA,NA,NA,NA,NA,NA,NA,NA,NA,NA,NA,NA,NA,NA,NA,NA,NA,NA,NA,NA,NA,NA,NA,NA,NA,NA,NA,NA,NA,NA,NA,NA,NA,NA,NA,NA,NA,NA,NA,NA,NA,NA,NA,NA,NA,NA,NA,NA,NA,NA,NA,NA
